DATE SEANCE;No DELIBERATION;OBJET;DIRECTION;DELEGATION
21 décembre 1998 ;98/1062/EHCV;Travaux d'illuminations pour fêtes et manifestations publiques - Lancement d'un appel d'offres ouvert - Approbation du dossier de consultation des entreprises.;DIRECTION DE L'ECLAIRAGE PUBLIC;DIRECTION GENERALE DES SERVICES TECHNIQUES
21 décembre 1998 ;98/1058/FAG ;Comptabilité d'autorisation de programme et crédits de paiement - Situation des autorisations de programme soldées.;PROGRAMMATION DES INVESTISSEMENTS;DIRECTION GENERALE DES SERVICES FINANCIERS
21 décembre 1998 ;98/1057/FAG ;Adoption des modifications d'autorisation de programme.;PROGRAMMATION DES INVESTISSEMENTS;DIRECTION GENERALE DES SERVICES FINANCIERS
21 décembre 1998 ;98/1052/FAG ;Revalorisation de la facturation de certaines prestations de police municipale au profit de tiers.;DIRECTION DE LA POLICE ADMINISTRATIVE;DIRECTION GENERALE DE LA PREVENTION ET DE LA PROTECTION
21 décembre 1998 ;98/1051/FAG ;Maintenance des installations téléphoniques et des systèmes d'enregistrement du Bataillon de Marins-Pompiers (Etat major, casernes et postes) - Lancement d'un appel d'offres ouvert - Approbation du dossier de consultation des entreprises.;BATAILLON DE MARINS POMPIERS;SECRETARIAT GENERAL
21 décembre 1998 ;98/1050/FAG ;BATAILLON DE MARINS-POMPIERS  - Restructuration partielle de la caserne des marins-pompiers de Saint Pierre - 267, avenue de Saint Pierre 13005 MARSEILLLE - Approbation du programme - Réalisation de l'opération en maîtrise d'oeuvre publique.;DIRECTION DES ETUDES ET DES GRANDS PROJETS;DIRECTION GENERALE DE L'ARCHITECTURE ET DES BATIMENTS COMMUNAUX
21 décembre 1998 ;98/1048/FAG ;Acquisition et maintenance de deux imprimantes laser de production, d'une imprimante réseau et d'un serveur d'impression - Lancement d'un appel d'offres ouvert - Demande d'autorisation de programme.;NOUVELLES TECHNOLOGIES DE COMMUNICATION - DIRECTION DE L'INFORMATIQUE;DIRECTION GENERALE DE LA LOGISTIQUE
21 décembre 1998 ;98/1047/FAG ;Fourniture de services de télécommunications pour les besoins des services municipaux - Lancement d'un appel d'offres ouvert.;NOUVELLES TECHNOLOGIES DE COMMUNICATION - DIRECTION DES TELECOMMUNICATIONS;DIRECTION GENERALE DE LA LOGISTIQUE
21 décembre 1998 ;98/1046/FAG ;Vente de matériel informatique devenu obsolète.;NOUVELLES TECHNOLOGIES DE COMMUNICATION - DIRECTION DE L'INFORMATIQUE;DIRECTION GENERALE DE LA LOGISTIQUE
21 décembre 1998 ;98/1045/FAG ;Attribution des Equipements de Protection Individuelle (E.P.I.) et Prestations Vestimentaires aux agents des Directions de l'Entretien, des T.A.M., de l'Ecologie et des Espaces Verts.;DIRECTION DES ACHATS;DIRECTION GENERALE DE LA LOGISTIQUE
21 décembre 1998 ;98/1032/CESS;Nettoyage du Stade Vélodrome.;DIRECTION DES GRANDS EQUIPEMENTS;SECRETARIAT GENERAL
21 décembre 1998 ;98/1031/CESS;Reconstruction de l'ensemble sportif COSEC RUFFI -  Approbation de l'avis de la Commission de Sélection des Maîtres d'Oeuvres.;DIRECTION DES SPORTS;DIRECTION GENERALE DES SERVICES TECHNIQUES
21 décembre 1998 ;98/1030/CESS;CONTRAT DE VILLE - Programme de Développement Social Urbain 1998 - Investissement - Approbation de la convention d'offre de concours de la Ville de Marseille à la poste des Bouches-du-Rhône en vue de la création d'un bureau de poste au Canet.;DIRECTION DE LA POLITIQUE DE LA VILLE;SECRETARIAT GENERAL
21 décembre 1998 ;98/1029/CESS;Financement attribué au Groupement d'Intérêt Public (G.I.P.) pour la gestion de la politique de la Ville - Demande d'acompte.;DIRECTION DE LA POLITIQUE DE LA VILLE;SECRETARIAT GENERAL
21 décembre 1998 ;98/1028/CESS;Versement de bourses à des étudiants.;ECOLE SUPERIEURE DES BEAUX-ARTS DE MARSEILLE;DIRECTION GENERALE DES AFFAIRES CULTURELLES
21 décembre 1998 ;98/1024/EHCV;Plan Lumière - Illumination des façades du Pharo - Approbation de l'autorisation de programme - Approbation de l'avant-projet sommaire - Lancement d'un appel d'offres ouvert.;DIRECTION DE L'ECLAIRAGE PUBLIC;DIRECTION GENERALE DES SERVICES TECHNIQUES
21 décembre 1998 ;98/1011/FAG ;Acquisition de véhicules destinés à la collecte d'ordures ménagères - Programmes 1999/2000.;DIRECTION DES TRANSPORTS / ATELIERS / MAGASINS;DIRECTION GENERALE DE LA LOGISTIQUE
21 décembre 1998 ;98/0996/EUGE;MISSION VILLE - Convention à passer avec l'Association Provençale de Culture et Enseignement Populaire (ASPROCEP).;MISSION MARSEILLE EMPLOI;SECRETARIAT GENERAL
21 décembre 1998 ;98/0995/EUGE;Emplois Jeunes - Conventions à passer avec divers organismes et associations.;MISSION MARSEILLE EMPLOI;SECRETARIAT GENERAL
21 décembre 1998 ;98/0994/EUGE;Acomptes sur les subventions à verser avant le vote du Budget Primitif 1999.;MISSION MARSEILLE EMPLOI;SECRETARIAT GENERAL
21 décembre 1998 ;98/0993/EUGE;DIRECTION GENERALE DE LA LOGISTIQUE - Contrat Européen CITIES portant sur la mise en place de l'expérimentation et la validation d'une plate-forme d'intégration des téléservices - Modalités financières de règlement de la participation européenne aux partenaires associés de la Ville de Marseille.;MISSION DES PROGRAMMES PRIVES ET EUROPEENS;SECRETARIAT GENERAL
21 décembre 1998 ;98/0984/CESS;Construction de tribunes de 200 places pour divers stades tous secteurs de la Ville de Marseille - Approbation des dossiers techniques de première phase pour les stades Saint-Menet le Mouton 13011 MARSEILLE et Espéranza 13012 MARSEILLE - Modes de dévolution des travaux - Approbation de l'autorisation de programme.;DIRECTION DES SPORTS;DIRECTION GENERALE DES SERVICES TECHNIQUES
21 décembre 1998 ;98/0983/CESS;Réhabilitation du Gymnase FONT VERT, Cité Font Vert, 218 chemin de Sainte Marthe 13014 MARSEILLE - Approbation de l'autorisation de programme et des crédits de paiement.;DIRECTION DES SPORTS;DIRECTION GENERALE DES SERVICES TECHNIQUES
21 décembre 1998 ;98/0982/CESS;Convention d'occupation précaire du Vélodrome des Olives - 375, Avenue des Poilus - 13013 Marseille.;DIRECTION DES SPORTS;DIRECTION GENERALE DES SERVICES TECHNIQUES
21 décembre 1998 ;98/0981/CESS;Contrat d'occupation privative du domaine public pour l'exploitation du snack de la piscine de Luminy, route Léon Lachamp - 13009 MARSEILLE.;DIRECTION DES SPORTS;DIRECTION GENERALE DES SERVICES TECHNIQUES
21 décembre 1998 ;98/0980/CESS;Règlement intérieur et tarifs d'utilisation de l'esplanade Ganay.;DIRECTION DES GRANDS EQUIPEMENTS;SECRETARIAT GENERAL
21 décembre 1998 ;98/0979/CESS;CONTRAT DE VILLE - Programme de Développement Social 1998 - Investissement - 5ème série d'opérations - Sites DSU hors GPU.;DIRECTION DE LA POLITIQUE DE LA VILLE;SECRETARIAT GENERAL
21 décembre 1998 ;98/0978/CESS;CONTRAT DE VILLE - GRAND PROJET URBAIN - Programme 1998 - Développement Social Urbain - Investissement - 4ème série d'opérations - SAINT-ANTOINE EST - Site DSU situé sur le GPU - Hôpital Edouard Toulouse - Rénovation de la salle de spectacle.;DIRECTION DE LA POLITIQUE DE LA VILLE;SECRETARIAT GENERAL
21 décembre 1998 ;98/0977/CESS;Programme de Développement Social Urbain 1998 - Fonctionnement - 4ème série d'actions.;DIRECTION DE LA POLITIQUE DE LA VILLE;SECRETARIAT GENERAL
21 décembre 1998 ;98/0976/CESS;Adhésion de la Ville de Marseille au Programme Expérimental IN-EMERGENCY (Contrat Européen IA10 07).;MISSION DES PROGRAMMES PRIVES ET EUROPEENS;SECRETARIAT GENERAL
21 décembre 1998 ;98/0975/CESS;Deuxième donation Jourdan Barry.;DIRECTION DES MUSEES;DIRECTION GENERALE DES AFFAIRES CULTURELLES
21 décembre 1998 ;98/0974/CESS;Attribution de bourses pour des séjours d'études aux étudiants de l'Ecole Supérieure d'Art de Marseille -  Année 1998/1999.;ECOLE SUPERIEURE DES BEAUX-ARTS DE MARSEILLE;DIRECTION GENERALE DES AFFAIRES CULTURELLES
21 décembre 1998 ;98/0973/CESS;Attribution de bourses aux artistes résidents de l'Ecole Supérieure d'Art de Marseille.;ECOLE SUPERIEURE DES BEAUX-ARTS DE MARSEILLE;DIRECTION GENERALE DES AFFAIRES CULTURELLES
21 décembre 1998 ;98/0972/CESS;DIRECTION GENERALE DE LA LOGISTIQUE - Mise à la disposition de l'Ecole de la Deuxième Chance d'anciens logements d'enseignants - Relogement de Madame GILQUIN, institutrice.;DIRECTION DE L'EDUCATION;DIRECTION GENERALE DE L'EDUCATION ET DE LA PETITE ENFANCE
21 décembre 1998 ;98/0971/CESS;Avenant à la convention de coproduction 'LAKME'.;OPERA;DIRECTION GENERALE DES AFFAIRES CULTURELLES
21 décembre 1998 ;98/0909/CESS;PREVENTION DE LA DELINQUANCE - Programme 1998 - Fonctionnement - 3ème série d'actions.;DIRECTION DE LA POLITIQUE DE LA VILLE;SECRETARIAT GENERAL
30 novembre 1998 ;98/0969/FAG ;Affaires ARNOULT - Hoirie BOHLER - MARC - Copropriété 35, rue Montgrand - LUBRANO.;DIRECTION DES ASSURANCES;DIRECTION GENERALE DES AFFAIRES JURIDIQUES
30 novembre 1998 ;98/0967/CESS;Subvention aux organismes sportifs - BP 98 - 8ème répartition 1998 - Approbation d'une convention de partenariat.;DIRECTION DES SPORTS;DIRECTION GENERALE DES SERVICES TECHNIQUES
30 novembre 1998 ;98/0960/FAG ;Adoption des modifications d'autorisations de programme.;PROGRAMMATION DES INVESTISSEMENTS;DIRECTION GENERALE DES SERVICES FINANCIERS
30 novembre 1998 ;98/0959/FAG ;Approbation des conventions de mise à disposition de locaux communaux à FRANCE TELECOM - Implantation des centres de distribution du réseau câblé;NOUVELLES TECHNOLOGIES DE COMMUNICATION - DIRECTION DES TELECOMMUNICATIONS;DIRECTION GENERALE DE LA LOGISTIQUE
30 novembre 1998 ;98/0958/FAG ;Appel d'offres ouvert pour la fourniture de pièces détachées pour véhicules de marque GRANGE, composé d'un lot, faisant l'objet d'un marché d'une durée d'un an, renouvelable par tacite reconduction pour une nouvelle période d'un an.;DIRECTION DES TRANSPORTS / ATELIERS / MAGASINS;DIRECTION GENERALE DE LA LOGISTIQUE
30 novembre 1998 ;98/0957/FAG ;Marchés négociés pour la fourniture de prestations d'assurances.;DIRECTION DES ASSURANCES;DIRECTION GENERALE DES AFFAIRES JURIDIQUES
30 novembre 1998 ;98/0951/FAG ;Modifications des représentations du Conseil Municipal au sein de divers organismes et des Commissions Permanentes.;DIRECTION DES ASSEMBLEES;SECRETARIAT GENERAL
30 novembre 1998 ;98/0945/EUGE;Emplois Jeunes - Conventions à passer avec divers organismes et associations.;MISSION MARSEILLE EMPLOI;SECRETARIAT GENERAL
30 novembre 1998 ;98/0943/CESS;Reconstruction du gymnase du groupe scolaire de Bonneveine 52, bd. du Sablier 13008 MARSEILLE - Avenant n° 2 au marché de travaux n° 98/122 passé avec la Société La Méridienne de Construction.;DIRECTION DES ETUDES ET DES GRANDS PROJETS;DIRECTION GENERALE DE L'ARCHITECTURE ET DES BATIMENTS COMMUNAUX
30 novembre 1998 ;98/0942/CESS;Convention de mise à disposition des équipements sportifs de plein air Velten.;DIRECTION DES SPORTS;DIRECTION GENERALE DES SERVICES TECHNIQUES
30 novembre 1998 ;98/0941/CESS;CONTRAT DE VILLE - Programme Développement Social Urbain 1998 - Investissement - 4ème série d'actions - Site D.S.U. hors GPU.;DIRECTION DE LA POLITIQUE DE LA VILLE;SECRETARIAT GENERAL
30 novembre 1998 ;98/0940/CESS;Contrat de Ville - Programme 1998 - Développement Social Urbain -  Investissement - 3ème série d'opérations - Site DSU situé sur le GPU.;DIRECTION DE LA POLITIQUE DE LA VILLE;SECRETARIAT GENERAL
30 novembre 1998 ;98/0939/CESS;Attribution de bourses aux artistes résidents de l'Ecole Supérieure d'Art de Marseille.;ECOLE SUPERIEURE DES BEAUX-ARTS DE MARSEILLE;DIRECTION GENERALE DES AFFAIRES CULTURELLES
30 novembre 1998 ;98/0937/CESS;Désaffectation de l'ancienne école maternelle Parette-Miraval avenue Jean Lombard 13011 Marseille.;DIRECTION DE L'EDUCATION;DIRECTION GENERALE DE L'EDUCATION ET DE LA PETITE ENFANCE
30 novembre 1998 ;98/0936/CESS;Désaffectation de l'ancien logement d'instituteur de l'école maternelle BEAUVALLON - 2 Traverse de Rabat - 13009 Marseille.;DIRECTION DE L'EDUCATION;DIRECTION GENERALE DE L'EDUCATION ET DE LA PETITE ENFANCE
30 novembre 1998 ;98/0933/CESS;DIRECTION GENERALE DU PERSONNEL - Conventions entre la Ville de Marseille et l'Association MARSEILLE ENFANCE.;DIRECTION DE LA PETITE ENFANCE;DIRECTION GENERALE DE L'EDUCATION ET DE LA PETITE ENFANCE
30 novembre 1998 ;98/0931/CESS;Convention de partenariat Ville de Marseille-Odéon/Bureau de Productions Dominique Werner.;OPERA;DIRECTION GENERALE DES AFFAIRES CULTURELLES
30 novembre 1998 ;98/0930/CESS;Proposition de mise à la réforme des machines de l'Opéra. Vente de ce matériel à la ferraille.;OPERA;DIRECTION GENERALE DES AFFAIRES CULTURELLES
30 novembre 1998 ;98/0929/CESS;'Pierre BARBIZET' - Grands Prix de la Ville de Marseille - Modalités d'attribution.;CONSERVATOIRE;DIRECTION GENERALE DES AFFAIRES CULTURELLES
30 novembre 1998 ;98/0928/CESS;DIRECTION GENERALE DES AFFAIRES CULTURELLES - PROJET CENTRE-VILLE - Réalisation de la Bibliothèque Municipale à Vocation Régionale (B.M.V.R.) sur le site de l'Alcazar 13001 MARSEILLE - Approbation de la convention avec l'Etat pour la fouille archéologique préventive sur le site.;DIRECTION DES ETUDES ET DES GRANDS PROJETS;DIRECTION GENERALE DE L'ARCHITECTURE ET DES BATIMENTS COMMUNAUX
30 novembre 1998 ;98/0927/CESS;PROJET CENTRE VILLE - Réalisation de la Bibliothèque Municipale à Vocation Régionale (B.M.V.R.) - Avenant n° 1 à la Convention de Mandat n° 97/258 avec MARSEILLE AMENAGEMENT.;DIRECTION DES ETUDES ET DES GRANDS PROJETS;DIRECTION GENERALE DE L'ARCHITECTURE ET DES BATIMENTS COMMUNAUX
30 novembre 1998 ;98/0919/FAG ;Réajustement des tarifs des droits de voirie et de stationnement sur le domaine public communal.;DIRECTION DES EMPLACEMENTS;DIRECTION GENERALE DES SERVICES A LA POPULATION
30 novembre 1998 ;98/0918/FAG ;Réajustement des droits de stationnement et droits annexes applicables aux taxis, taxis-camionnettes et autocars.;DIRECTION DES EMPLACEMENTS;DIRECTION GENERALE DES SERVICES A LA POPULATION
30 novembre 1998 ;98/0915/FAG ;Réattribution des concessions perpétuelles à l'état d'abandon dans le cimetière Saint-Pierre - Estimation des caveaux et monuments.;DIRECTION DES OPERATIONS FUNERAIRES;DIRECTION GENERALE DES SERVICES A LA POPULATION
30 novembre 1998 ;98/0914/FAG ;Rénovation du monument érigé sur la sépulture de Pascal-Xavier COSTE, célèbre architecte marseillais - Cimetière Saint-Pierre Carré 1 Nord n° 2 bis - Prise en charge par la Ville de Marseille de la dépense.;DIRECTION DES OPERATIONS FUNERAIRES;DIRECTION GENERALE DES SERVICES A LA POPULATION
30 novembre 1998 ;98/0912/FAG ;Fourniture d'articles nécessaires aux crèches municipales - Lancement d'un appel d'offres ouvert.;DIRECTION DES ACHATS;DIRECTION GENERALE DE LA LOGISTIQUE
30 novembre 1998 ;98/0911/FAG ;Avenant n° 1 au marché n° 98/216 - Exploitation des applications de cartographie - Lot n° 2 - Maintenance des matériels attribués à la Société THOMAINFOR.;NOUVELLES TECHNOLOGIES DE COMMUNICATION - DIRECTION DE L'INFORMATIQUE;DIRECTION GENERALE DE LA LOGISTIQUE
30 novembre 1998 ;98/0910/FAG ;Nettoyage des bâtiments municipaux et des gymnases - Avenants aux marchés n° 98/0192 - 98/0195 et 98/0194.;DIRECTION DE L'ENTRETIEN;DIRECTION GENERALE DE LA LOGISTIQUE
30 novembre 1998 ;98/0893/EUGE;PLAN MARSEILLE EMPLOI - Etude préalable à la mise en place d'une plate-forme export, conduite par l'Association Performance 13.;MISSION DES PROGRAMMES PRIVES ET EUROPEENS;SECRETARIAT GENERAL
30 novembre 1998 ;98/0892/EUGE;PLAN MARSEILLE EMPLOI - Participation à la mise en oeuvre par la Mission Locale de Marseille d'un programme d'actions visant à renforcer l'accès à l'emploi pour les jeunes de 16 à 25 ans sur le territoire du Programme URBAN de la Ville de Marseille.;MISSION DES PROGRAMMES PRIVES ET EUROPEENS;SECRETARIAT GENERAL
30 novembre 1998 ;98/0891/EUGE;Appel à projets de la DG V - Action Participation au projet EMPIRIC.;MISSION DES PROGRAMMES PRIVES ET EUROPEENS;SECRETARIAT GENERAL
30 novembre 1998 ;98/0884/CESS;Convention de partenariat avec le Centre Culturel SAHAK-MESROP.;OPERA;DIRECTION GENERALE DES AFFAIRES CULTURELLES
30 novembre 1998 ;98/0881/CESS;Séjours de vacances pour les années 1999, 2000 et 2001 - Conventions entre la Ville de Marseille et les délégataires.;DIRECTION DE LA JEUNESSE;DIRECTION GENERALE DES AFFAIRES SOCIALES ET DE LA SOLIDARITE URBAINE
30 novembre 1998 ;98/0880/CESS;Classes d'environnement pour les années 1999, 2000, 2001 - Conventions entre la Ville de Marseille et les délégataires.;DIRECTION DE LA JEUNESSE;DIRECTION GENERALE DES AFFAIRES SOCIALES ET DE LA SOLIDARITE URBAINE
30 novembre 1998 ;98/0876/FAG ;DIRECTION GENERALE DES AFFAIRES CULTURELLES - Aménagement du site de l'Hôtel-de-Ville - Réalisation de la salle des délibérations, de ses annexes et d'un espace muséal Place Villeneuve Bargemon - Réalisation de locaux techniques sous la Place Jules Verne - Aménagement des Places Bargemon, Mazeau, Brave Margot et Jules Verne - Lancement de deux appels d'offres ouverts relatifs aux missions de contrôle technique et de coordination en matière de sécurité et de protection de la santé des  travailleurs - Approbation des deux dossiers de consultation.;DIRECTION DES ETUDES ET DES GRANDS PROJETS;DIRECTION GENERALE DE L'ARCHITECTURE ET DES BATIMENTS COMMUNAUX
30 novembre 1998 ;98/0875/EUGE;Attribution d'une subvention à l'association 'Trophées de l'Emploi - Maîtrise de Gestion'.;MISSION MARSEILLE EMPLOI;SECRETARIAT GENERAL
30 novembre 1998 ;98/0874/EUGE;Convention à passer avec l'Association ADELIES.;MISSION MARSEILLE EMPLOI;SECRETARIAT GENERAL
30 novembre 1998 ;98/0873/EUGE;GRAND PROJET URBAIN - MISSION VILLE - Avenants passés entre la Ville de Marseille et divers organismes et associations pour le cofinancement des Contrats 'Emploi-Ville' dont le financement est dégressif - Renouvellement 2ème et 3ème années.;MISSION MARSEILLE EMPLOI;SECRETARIAT GENERAL
30 novembre 1998 ;98/0867/EUGE;Subvention de la Ville de Marseille à l'Association ACT EMPLOI.;MISSION MARSEILLE EMPLOI;SECRETARIAT GENERAL
30 novembre 1998 ;98/0866/EUGE;PLAN MARSEILLE EMPLOI - Subvention à l'Association SERAM (Société d'Etudes et de Recherches des Arts et Métiers) en vue de l'implantation d'une antenne du Laboratoire de Conception de Produits Nouveaux dans le périmètre d'Euroméditerranée.;MISSION DES PROGRAMMES PRIVES ET EUROPEENS;SECRETARIAT GENERAL
30 novembre 1998 ;98/0864/EHCV;Subventions aux associations de commerçants réalisant des illuminations de fin d'année.;DIRECTION DE L'ECLAIRAGE PUBLIC;DIRECTION GENERALE DES SERVICES TECHNIQUES
26 octobre 1998 ;98/0862/FAG ;Création d'un Funérarium Municipal 380, rue Saint-Pierre - 13010 MARSEILLE - Avenant n° 1 au marché de travaux n° 97/524 passé avec la Société THEG.;DIRECTION DES ETUDES ET DES GRANDS PROJETS;DIRECTION GENERALE DE L'ARCHITECTURE ET DES BATIMENTS COMMUNAUX
26 octobre 1998 ;98/0861/FAG ;Création d'un complexe crématoire à Marseille - Cimetière Saint-Pierre, 380, rue Saint-Pierre 13005 MARSEILLE - Déclaration sans suite de la procédure de concours de maîtrise d'oeuvre - Approbation du principe de l'extension et de la restructuration du bâtiment existant en maîtrise d'oeuvre publique.;DIRECTION DES ETUDES ET DES GRANDS PROJETS;DIRECTION GENERALE DE L'ARCHITECTURE ET DES BATIMENTS COMMUNAUX
26 octobre 1998 ;98/0857/CESS;Construction du Centre Régional d'Entraînement de la Commanderie, 31, trav. de la Martine 13012 MARSEILLE - Approbation de l'augmentation de l'autorisation de programme - Avenant n° 1 au marché n° 98/081 passé avec le Groupement d'Entreprises ACTIBAT PROVENCE/TRIANGLE GETEI.;DIRECTION DES ETUDES ET DES GRANDS PROJETS;DIRECTION GENERALE DE L'ARCHITECTURE ET DES BATIMENTS COMMUNAUX
26 octobre 1998 ;98/0856/CESS;Remise en état et extension du complexe sportif Beausoleil, bd. de Roux Prolongé 13004 MARSEILLE - Avenant n° 1 au marché n° 98/125 passé avec le Groupement d'Entreprises CALVIERE CRUDELI.;DIRECTION DES ETUDES ET DES GRANDS PROJETS;DIRECTION GENERALE DE L'ARCHITECTURE ET DES BATIMENTS COMMUNAUX
26 octobre 1998 ;98/0855/CESS;PROJET CENTRE-VILLE - Installation des Facultés de Droit et d'Economie Appliquée de l'Université d'Aix-Marseille III dans l'ancien cinéma 'LE PATHE' - Climatisation des amphithéâtres et des locaux administratifs - Approbation de l'augmentation de l'autorisation de programme - Avenant n° 3 à la convention de mandat n° 95/072 avec Marseille Aménagement - Avenant n° 1 au marché de maîtrise d'oeuvre n° 97/06 passé avec le groupement RCT/SETOR/GARCIA INGENIERIE/CEC SALINESI.;DIRECTION DES ETUDES ET DES GRANDS PROJETS;DIRECTION GENERALE DE L'ARCHITECTURE ET DES BATIMENTS COMMUNAUX
26 octobre 1998 ;98/0854/CESS;DIRECTION GENERALE DES AFFAIRES CULTURELLES - Aménagement des Friches Ilot 3 SEITA de la Belle-de-Mai 13003 MARSEILLE - Approbation d'une maîtrise d'oeuvre publique - Présentation du Dossier Technique Simplifié et approbation de l'Avant-Projet Sommaire inclus - Approbation de l'Autorisation de Programme et du Financement - Autorisation de lancement des marchés de Maîtrise d'Oeuvre Technique et des Marchés de Travaux.;DIRECTION DES ETUDES ET DES GRANDS PROJETS;DIRECTION GENERALE DE L'ARCHITECTURE ET DES BATIMENTS COMMUNAUX
26 octobre 1998 ;98/0844/CESS;Convention de partenariat Ville de Marseille Opéra/Rotary Club Marseille St-Victor.;OPERA;DIRECTION GENERALE DES AFFAIRES CULTURELLES
26 octobre 1998 ;98/0843/CESS;GRAND PROJET URBAIN - Construction du Centre Social CONSOLAT MIRABEAU et réaménagement du terrain de proximité - 13015 MARSEILLE - Approbation du choix de la Commission de Sélection des Maîtres d'Oeuvre et du Marché Négocié de Maîtrise d'Oeuvre à passer avec le groupement retenu.;DIRECTION DES ETUDES ET DES GRANDS PROJETS;DIRECTION GENERALE DE L'ARCHITECTURE ET DES BATIMENTS COMMUNAUX
26 octobre 1998 ;98/0842/CESS;DIRECTION JEUNESSE ACTIVITES PERISCOLAIRES ET INTEGRATION - Subventions aux organismes et équipements sociaux de la Ville de Marseille - Objectif Jeunes, exercice 1998 - Participation au Plan de Financement des Centres de Loisirs.;DIRECTION DE LA JEUNESSE;DIRECTION GENERALE DES AFFAIRES SOCIALES ET DE LA SOLIDARITE URBAINE
26 octobre 1998 ;98/0839/FAG ;BATAILLON DES MARINS POMPIERS - Création du poste de premier secours 'Centre-Ville' du Bataillon des Marins-Pompiers dans les locaux de l'ancien cinéma 'Noailles', 37, rue Vincent Scotto 13001 MARSEILLE - Approbation du mode de consultation des maîtres d'oeuvre.;DIRECTION DES ETUDES ET DES GRANDS PROJETS;DIRECTION GENERALE DE L'ARCHITECTURE ET DES BATIMENTS COMMUNAUX
26 octobre 1998 ;98/0838/FAG ;BATAILLON DE MARINS-POMPIERS - Transfert et reconstruction du poste d'intervention des Marins-Pompiers de Saint-Antoine - Approbation du programme et du règlement du concours des concepteurs - Désignation du jury - Application de l'autorisation de programme pour les études préalables.;DIRECTION DES ETUDES ET DES GRANDS PROJETS;DIRECTION GENERALE DE L'ARCHITECTURE ET DES BATIMENTS COMMUNAUX
26 octobre 1998 ;98/0837/FAG ;Convention entre la Ville de Marseille et le Centre Hospitalier Privé BEAUREGARD en vue de l'incinération de pièces anatomiques.;DIRECTION DES OPERATIONS FUNERAIRES;DIRECTION GENERALE DES SERVICES A LA POPULATION
26 octobre 1998 ;98/0836/FAG ;DIVISION DES CIMETIERES COMMUNAUX - Lancement d'une procédure d'appel d'offres ouvert pour la construction de caveaux, les aménagements de carrés et les drainages dans les 21 cimetières communaux - Approbation du dossier de consultation des entreprises.;DIRECTION DES OPERATIONS FUNERAIRES;DIRECTION GENERALE DES SERVICES A LA POPULATION
26 octobre 1998 ;98/0835/FAG ;DIVISION DES CIMETIERES COMMUNAUX - Entrée en vigueur de la tarification des concessions autres que celles d'une durée perpétuelle.;DIRECTION DES OPERATIONS FUNERAIRES;DIRECTION GENERALE DES SERVICES A LA POPULATION
26 octobre 1998 ;98/0834/FAG ;DIVISION DES CIMETIERES COMMUNAUX - Réattribution des concessions trentenaires abandonnées dans le cimetière Saint-Pierre - Estimation des caveaux et monuments.;DIRECTION DES OPERATIONS FUNERAIRES;DIRECTION GENERALE DES SERVICES A LA POPULATION
26 octobre 1998 ;98/0833/FAG ;DIVISION DES CIMETIERES COMMUNAUX - Réattribution des concessions trentenaires abandonnées dans le cimetière Saint-Pierre : estimation des caveaux et monuments.;DIRECTION DES OPERATIONS FUNERAIRES;DIRECTION GENERALE DES SERVICES A LA POPULATION
26 octobre 1998 ;98/0832/FAG ;Bureau de représentation de la Ville de Marseille à Bruxelles.;MISSION DES PROGRAMMES PRIVES ET EUROPEENS;SECRETARIAT GENERAL
26 octobre 1998 ;98/0830/FAG ;Fourniture de supercarburant, de super sans plomb et de gazole.;DIRECTION DES TRANSPORTS / ATELIERS / MAGASINS;DIRECTION GENERALE DE LA LOGISTIQUE
26 octobre 1998 ;98/0828/CESS;Exposition 'Juan GRIS' - Subvention de la Direction Régionale des Affaires Culturelles.;DIRECTION DES MUSEES;DIRECTION GENERALE DES AFFAIRES CULTURELLES
26 octobre 1998 ;98/0827/CESS;Dépôt des Hospices de Beaujeu.;DIRECTION DES MUSEES;DIRECTION GENERALE DES AFFAIRES CULTURELLES
26 octobre 1998 ;98/0826/CESS;DIRECTION GENERALE DES AFFAIRES CULTURELLES - Travaux de réfection des façades et des couvertures du Palais Longchamp - 13004 Marseille - Convention pour études préalables avec l'Architecte en Chef des Monuments Historiques - Autorisation de programme pour les études préalables.;DIRECTION DES ETUDES ET DES GRANDS PROJETS;DIRECTION GENERALE DE L'ARCHITECTURE ET DES BATIMENTS COMMUNAUX
26 octobre 1998 ;98/0825/CESS;Aide financière au fonctionnement d'associations oeuvrant dans le domaine de la Petite Enfance - Ouverture d'une crèche associative, rue Camoin Jeune.;DIRECTION DE LA PETITE ENFANCE;DIRECTION GENERALE DE L'EDUCATION ET DE LA PETITE ENFANCE
26 octobre 1998 ;98/0820/CESS;PROJET CENTRE VILLE - Réalisation de la Bibliothèque Municipale à Vocation Régionale (BMVR) - Travaux préalables - Avenant n° 1 au marché n° 98/08 conclu avec l'entreprise GAGNERAUD CONSTRUCTION pour le lot A1 - Confortement - Butonnage de façades.;DIRECTION DES ETUDES ET DES GRANDS PROJETS;DIRECTION GENERALE DE L'ARCHITECTURE ET DES BATIMENTS COMMUNAUX
26 octobre 1998 ;98/0819/CESS;Modalités de la formation des intervenants de l'Aide au Travail Scolaire Personnel entre l'Institut de Formation d'Animateurs des Collectivités (IFAC) et la Ville de Marseille - Convention.;DIRECTION DE LA JEUNESSE;DIRECTION GENERALE DES AFFAIRES SOCIALES ET DE LA SOLIDARITE URBAINE
26 octobre 1998 ;98/0818/CESS;CONTRAT DE VILLE - Programme 1998 - Développement Social Urbain -  Investissement - 3ème série d'opérations - Saint Antoine Est - Site DSU situé sur le GPU - Centre social La Martine - Mise aux normes sécurité du bâtiment et des espaces extérieurs et réhabilitation.;DIRECTION DE LA POLITIQUE DE LA VILLE;SECRETARIAT GENERAL
26 octobre 1998 ;98/0816/EHCV;Fermeture de l'Institut Municipal de Chimie et de Biologie - Destination du matériel.;DIRECTION DE LA SANTE ET DE L'ENVIRONNEMENT;DIRECTION GENERALE DE LA PREVENTION ET DE LA PROTECTION
26 octobre 1998 ;98/0815/EHCV;Subvention des actions relatives à la Santé Publique.;DIRECTION DE LA SANTE ET DE L'ENVIRONNEMENT;DIRECTION GENERALE DE LA PREVENTION ET DE LA PROTECTION
26 octobre 1998 ;98/0813/EHCV;Souscription à l'enquête globale du marché de l'habitat dans l'aire métropolitaine marseillaise.;DIRECTION DE L'HABITAT ET DU LOGEMENT;DIRECTION GENERALE DE L'URBANISME ET DE L'HABITAT
26 octobre 1998 ;98/0808/EUGE;MISSION DES PROGRAMMES PRIVES ET EUROPEENS - Nouveaux gisements d'emplois - Création d'un Centre de Promotion des Services de Proximité - Convention à passer avec le CFPPS concernant la mission de préfiguration d'un Centre de Promotion des Services de Proximité.;MISSION MARSEILLE EMPLOI;SECRETARIAT GENERAL
26 octobre 1998 ;98/0807/EUGE;Programme d'Initiative Communautaire 'URBAN' - Mission de suivi du PIC URBAN confiée à l'AGAM - Avenant n° 1 à la convention - Subvention à l'AGAM. ;MISSION DES PROGRAMMES PRIVES ET EUROPEENS;SECRETARIAT GENERAL
26 octobre 1998 ;98/0806/EUGE;Emplois Jeunes - Conventions à passer avec divers organismes et associations.;MISSION MARSEILLE EMPLOI;SECRETARIAT GENERAL
26 octobre 1998 ;98/0803/FAG ;Affaires DAINOTTO - YOUKNOWSKI -  ROBERT - Société SAFIM - MERCIADRI.;DIRECTION DES ASSURANCES;DIRECTION GENERALE DES AFFAIRES JURIDIQUES
26 octobre 1998 ;98/0801/FAG ;Concession du droit d'usage des logiciels de base nécessaires à l'exploitation des applications informatiques de gestion pour les besoins des services municipaux - Marché négocié avec la Compagnie IBM FRANCE.;NOUVELLES TECHNOLOGIES DE COMMUNICATION - DIRECTION DE L'INFORMATIQUE;DIRECTION GENERALE DE LA LOGISTIQUE
26 octobre 1998 ;98/0800/CESS;Désignation des Délégataires du Service Public de la Restauration Scolaire du 1er degré - Avis d'appel public à candidature n° 97/113.;DIRECTION DE L'EDUCATION;DIRECTION GENERALE DE L'EDUCATION ET DE LA PETITE ENFANCE
26 octobre 1998 ;98/0795/EUGE;MISSION DES PROGRAMMES PRIVES ET EUROPEENS - Projet Marseille-Méditerranée - Versement de la deuxième tranche.;MISSION MARSEILLE EMPLOI;SECRETARIAT GENERAL
26 octobre 1998 ;98/0794/EUGE;Groupement d'Employeurs pour l'Insertion et la Qualification Art et Culture - Versement de la participation de la Ville en 1998.;MISSION MARSEILLE EMPLOI;SECRETARIAT GENERAL
26 octobre 1998 ;98/0793/EUGE;Subvention pour l'organisation du 4ème Forum PACA des Grandes Ecoles d'Ingénieurs de Marseille.;MISSION MARSEILLE EMPLOI;SECRETARIAT GENERAL
05 octobre 1998 ;98/0792/FAG ;Convention entre la Ville de Marseille et le Centre Hospitalier de la Fondation Saint Joseph en vue de l'incinération de pièces anatomiques - Renouvellement.;DIRECTION DES OPERATIONS FUNERAIRES;DIRECTION GENERALE DES SERVICES A LA POPULATION
05 octobre 1998 ;98/0791/FAG ;Convention entre la Ville de Marseille et le Centre Hospitalier de Salon de Provence, en vue de l'incinération de pièces anatomiques - Renouvellement.;DIRECTION DES OPERATIONS FUNERAIRES;DIRECTION GENERALE DES SERVICES A LA POPULATION
05 octobre 1998 ;98/0790/FAG ;Désignation d'un représentant au sein du Conseil d'Administration de l'Etablissement Public d'Aménagement EPAREB.;DIRECTION DES ASSEMBLEES;SECRETARIAT GENERAL
05 octobre 1998 ;98/0788/FAG ;Convention entre la Ville de Marseille et l'Assistance Publique de la Ville de Marseille en vue de l'incinération de pièces anatomiques - Renouvellement.;DIRECTION DES OPERATIONS FUNERAIRES;DIRECTION GENERALE DES SERVICES A LA POPULATION
05 octobre 1998 ;98/0786/FAG ;Convention entre la Ville de Marseille et le Centre Hospitalier d'Aix-en-Provence, en vue de l'incinération de pièces anatomiques - Renouvellement.;DIRECTION DES OPERATIONS FUNERAIRES;DIRECTION GENERALE DES SERVICES A LA POPULATION
05 octobre 1998 ;98/0785/FAG ;Convention entre la Ville de Marseille et la Clinique de la Crau en vue de l'incinération de pièces anatomiques.;DIRECTION DES OPERATIONS FUNERAIRES;DIRECTION GENERALE DES SERVICES A LA POPULATION
05 octobre 1998 ;98/0783/FAG ;Fourniture des services de télécommunications pour les besoins des services municipaux - Marché négocié avec France Télécom.;NOUVELLES TECHNOLOGIES DE COMMUNICATION - DIRECTION DES TELECOMMUNICATIONS;DIRECTION GENERALE DE LA LOGISTIQUE
05 octobre 1998 ;98/0781/FAG ;Adoption des modifications d'autorisations de programme.;PROGRAMMATION DES INVESTISSEMENTS;DIRECTION GENERALE DES SERVICES FINANCIERS
05 octobre 1998 ;98/0779/FAG ;Mise à niveau des équipements des restaurants municipaux - Approbation de l'autorisation de programme.;DIRECTION DES ACHATS;DIRECTION GENERALE DE LA LOGISTIQUE
05 octobre 1998 ;98/0772/FAG ;Convention entre la Ville de Marseille et la clinique Vert Coteau en vue de l'incinération de pièces anatomiques.;DIRECTION DES OPERATIONS FUNERAIRES;DIRECTION GENERALE DES SERVICES A LA POPULATION
05 octobre 1998 ;98/0770/FAG ;DIVISION DES CIMETIERES COMMUNAUX - Conservation de la sépulture d'Antoine MAUREL, pastoralier, poète, félibre et mutualiste.;DIRECTION DES OPERATIONS FUNERAIRES;DIRECTION GENERALE DES SERVICES A LA POPULATION
05 octobre 1998 ;98/0769/FAG ;DIRECTION GENERALE DES AFFAIRES CULTURELLES  - Aménagement du site de l'Hôtel de Ville - Réalisation de la salle des délibérations, de ses annexes et d'un espace muséal Place Villeneuve-Bargemon - Réalisation de locaux techniques sous la Place Jules Verne - Aménagement des Places Bargemon, Mazeau, Brave Margot et Jules Verne - Concours de maîtrise d'oeuvre - Avis du jury - Liste des candidats admis à concourir.;DIRECTION DES ETUDES ET DES GRANDS PROJETS;DIRECTION GENERALE DE L'ARCHITECTURE ET DES BATIMENTS COMMUNAUX
05 octobre 1998 ;98/0766/FAG ;Convention entre la Ville de Marseille et la Clinique VIGNOLI à Salon de Provence en vue de l'incinération de pièces anatomiques.;DIRECTION DES OPERATIONS FUNERAIRES;DIRECTION GENERALE DES SERVICES A LA POPULATION
05 octobre 1998 ;98/0763/FAG ;Convention entre la Ville de Marseille et la Résidence du Parc, Centre Hospitalier privé, en vue de l'incinération de pièces anatomiques - Renouvellement.;DIRECTION DES OPERATIONS FUNERAIRES;DIRECTION GENERALE DES SERVICES A LA POPULATION
05 octobre 1998 ;98/0762/EUGE;Projet Temps Partagé Choisi - Participation financière de la Ville.;MISSION MARSEILLE EMPLOI;SECRETARIAT GENERAL
05 octobre 1998 ;98/0745/EUGE;PLAN MARSEILLE EMPLOI -Aide au démarrage et au développement de 'Sud Entreprendre' association loi 1901.;MISSION DES PROGRAMMES PRIVES ET EUROPEENS;SECRETARIAT GENERAL
05 octobre 1998 ;98/0743/EUGE;Subvention de fonctionnement à la Mission Locale de Marseille.;MISSION MARSEILLE EMPLOI;SECRETARIAT GENERAL
05 octobre 1998 ;98/0737/CESS;DIRECTION GENERALE DE LA LOGISTIQUE - Approbation de l'adhésion de la Ville de Marseille au Programme Européen ATTACH.;MISSION DES PROGRAMMES PRIVES ET EUROPEENS;SECRETARIAT GENERAL
05 octobre 1998 ;98/0736/CESS;Théâtre de l'Odéon - Contrat de coréalisation avec la Société CLED PRODUCTIONS pour douze représentations de la pièce de théâtre 'Les Côtelettes' de Bertrand BLIER.;OPERA;DIRECTION GENERALE DES AFFAIRES CULTURELLES
05 octobre 1998 ;98/0735/CESS;Subventions aux organisateurs sportifs pour les manifestations qui se dérouleront au Palais des Sports pendant le 4ème trimestre 1998.;DIRECTION DES GRANDS EQUIPEMENTS;SECRETARIAT GENERAL
05 octobre 1998 ;98/0734/CESS;Restaurants scolaires - Participation des convives au prix des repas servis dans les restaurants scolaires des écoles maternelles et élémentaires - Plafonds des ressources pour l'attribution du tarif réduit et de l'exonération.;DIRECTION DE L'EDUCATION;DIRECTION GENERALE DE L'EDUCATION ET DE LA PETITE ENFANCE
05 octobre 1998 ;98/0733/CESS;Réhabilitation du stade GHERZO, traverse de la Michèle 13015 MARSEILLE - Approbation de l'autorisation de programme et des crédits de paiement.;DIRECTION DES SPORTS;DIRECTION GENERALE DES SERVICES TECHNIQUES
05 octobre 1998 ;98/0732/CESS;Aide financière au fonctionnement d'associations oeuvrant dans le cadre de la Petite Enfance - 'Association Marseille Enfance'.;DIRECTION DE LA PETITE ENFANCE;DIRECTION GENERALE DE L'EDUCATION ET DE LA PETITE ENFANCE
05 octobre 1998 ;98/0731/CESS;Fourniture de livres scolaires, et de bibliothèque nécessaires aux écoles publiques communales et aux Réseaux d'Aide Spécialisée pour les années scolaires 1999/2000, 2000/2001 et 2001/2002 - Passation de marchés à bons de commande (art. 273 du Code des Marchés Publics) - Lancement d'un appel d'offres ouvert.;DIRECTION DE L'EDUCATION;DIRECTION GENERALE DE L'EDUCATION ET DE LA PETITE ENFANCE
05 octobre 1998 ;98/0730/CESS;Acceptation de la cession du marché n° 95/303 passé avec la Société SOLIMA MAUPETIT à la Société MAUPETIT LIBRAIRE pour la fourniture d'ouvrages dans les bibliothèques municipales.;DIRECTION DES BIBLIOTHEQUES;DIRECTION GENERALE DES AFFAIRES CULTURELLES
05 octobre 1998 ;98/0729/CESS;Fourniture d'articles de papeterie, de peinture et de travaux manuels,  nécessaires aux écoles publiques communales et aux Réseaux d'Aide Spécialisée pour les années scolaires 1999/2000, 2000/2001 et 2001/2002 - Passation de marchés à bons de commande (art. 273 du Code des Marchés Publics) - Lancement d'un appel d'offres ouvert.;DIRECTION DE L'EDUCATION;DIRECTION GENERALE DE L'EDUCATION ET DE LA PETITE ENFANCE
05 octobre 1998 ;98/0728/CESS;GRAND PROJET URBAIN - Construction du Stade de l'Estaque et du terrain de proximité sur le site de la ZAC de Saumaty Séon - 13016 Marseille - Approbation du choix de la Commission de Sélection des Maîtres d'Oeuvre et du marché négocié de maîtrise d'oeuvre à passer avec le groupement retenu.;DIRECTION DES ETUDES ET DES GRANDS PROJETS;DIRECTION GENERALE DE L'ARCHITECTURE ET DES BATIMENTS COMMUNAUX
05 octobre 1998 ;98/0725/CESS;Convention entre la Ville de Marseille et le Plan Local d'Insertion par l'Economique (P.L.I.E.) de Marseille relative à l'accueil en urgence dans les crèches et haltes-garderies municipales d'enfants de bénéficiaires du P.L.I.E.;DIRECTION DE LA PETITE ENFANCE;DIRECTION GENERALE DE L'EDUCATION ET DE LA PETITE ENFANCE
05 octobre 1998 ;98/0724/CESS;Règlement Intérieur et  tarifs d'utilisation du Stade Vélodrome.;DIRECTION DES GRANDS EQUIPEMENTS;SECRETARIAT GENERAL
05 octobre 1998 ;98/0722/CESS;Restaurants scolaires - Participation des convives au prix des repas servis dans les restaurants scolaires des collèges en gestion municipale.;DIRECTION DE L'EDUCATION;DIRECTION GENERALE DE L'EDUCATION ET DE LA PETITE ENFANCE
05 octobre 1998 ;98/0721/CESS;Attribution de bourses pour des séjours d'études aux étudiants de l'Ecole Supérieure d'Art de Marseille - Années 1998/1999.;ECOLE SUPERIEURE DES BEAUX-ARTS DE MARSEILLE;DIRECTION GENERALE DES AFFAIRES CULTURELLES
05 octobre 1998 ;98/0720/CESS;DIRECTION GENERALE DES AFFAIRES CULTURELLES - Relogement des Archives Municipales dans les anciens locaux de la SEITA - Rue Clovis Hugues - 13003 Marseille - Approbation de l'avant-projet détaillé pour la première tranche de travaux - Lancement d'un appel d'offres ouvert par la SCIC Développement mandataire.;DIRECTION DES ETUDES ET DES GRANDS PROJETS;DIRECTION GENERALE DE L'ARCHITECTURE ET DES BATIMENTS COMMUNAUX
05 octobre 1998 ;98/0719/CESS;Subvention aux organismes sportifs - B.P. 1998 - 7ème répartition.;DIRECTION DES SPORTS;DIRECTION GENERALE DES SERVICES TECHNIQUES
05 octobre 1998 ;98/0718/CESS;Modalités de financement des associations supports de l'Aide au Travail Scolaire Personnel - Année 1998/1999.;DIRECTION DE LA JEUNESSE;DIRECTION GENERALE DES AFFAIRES SOCIALES ET DE LA SOLIDARITE URBAINE
05 octobre 1998 ;98/0716/CESS;Aide financière au fonctionnement d'associations oeuvrant dans le domaine de la Petite Enfance - Crèches et Haltes-garderies.;DIRECTION DE LA PETITE ENFANCE;DIRECTION GENERALE DE L'EDUCATION ET DE LA PETITE ENFANCE
05 octobre 1998 ;98/0713/CESS;DIRECTION GENERALE DES SERVICES A LA POPULATION - DIRECTION DES EMPLACEMENTS PUBLICS - SAINT-BARTHELEMY - Kiosque de la place du Mail (14ème arrondissement) - Approbation de la convention pour l'occupation du domaine public et pour la gestion d'une plate-forme de services.;DIRECTION DE LA POLITIQUE DE LA VILLE;SECRETARIAT GENERAL
05 octobre 1998 ;98/0712/CESS;Fourniture de matériels scolaires nécessaires aux écoles publiques communales et aux Réseaux d'Aide Spécialisée pour les années scolaires 1999/2000, 2000/2001 et 2001/2002 - Passation de marchés à bons de commande (art. 273 du Code des Marchés Publics) - Lancement d'un appel d'offres ouvert. ;DIRECTION DE L'EDUCATION;DIRECTION GENERALE DE L'EDUCATION ET DE LA PETITE ENFANCE
05 octobre 1998 ;98/0708/CESS;DIRECTION GENERALE DES AFFAIRES CULTURELLES -PROJET CENTRE VILLE - Palais des Arts -  Conservatoire National de Région - 1, Place Carli 13001 MARSEILLE - Travaux de mise en sécurité des façades et toitures - Déclaration sans suite de la consultation des maîtres d'oeuvre lancée par avis n° 97/32 - Réhabilitation du bâtiment - Approbation des conventions pour études préalables avec l'Architecte en Chef des Monuments Historiques.;DIRECTION DES ETUDES ET DES GRANDS PROJETS;DIRECTION GENERALE DE L'ARCHITECTURE ET DES BATIMENTS COMMUNAUX
05 octobre 1998 ;98/0707/CESS;Aide financière au fonctionnement de l'Association 'Maison d'Enfants Charles et Gabrielle SERVEL'.;DIRECTION DE LA PETITE ENFANCE;DIRECTION GENERALE DE L'EDUCATION ET DE LA PETITE ENFANCE
05 octobre 1998 ;98/0705/CESS;CONTRAT DE VILLE - Programme de Développement Social  Urbain - Investissement - 3ème série d'opérations - Site DSU hors GPU.;DIRECTION DE LA POLITIQUE DE LA VILLE;SECRETARIAT GENERAL
05 octobre 1998 ;98/0703/EHCV;Acquisition de vaccins contre la fièvre jaune, la rage, la typhoïde, la méningite (A et C).;DIRECTION DE LA SANTE ET DE L'ENVIRONNEMENT;DIRECTION GENERALE DE LA PREVENTION ET DE LA PROTECTION
05 octobre 1998 ;98/0701/EHCV;Autorisation à payer une participation financière aux associations de commerçants ayant réalisé des illuminations de fin d'année.;DIRECTION DE L'ECLAIRAGE PUBLIC;DIRECTION GENERALE DES SERVICES TECHNIQUES
05 octobre 1998 ;98/0698/EHCV;Subventions des actions relatives à la Santé Publique.;DIRECTION DE LA SANTE ET DE L'ENVIRONNEMENT;DIRECTION GENERALE DE LA PREVENTION ET DE LA PROTECTION
05 octobre 1998 ;98/0689/EUGE;Participation financière de la Ville au Plan Local d'Insertion par l'Economique (P.L.I.E.).;MISSION MARSEILLE EMPLOI;SECRETARIAT GENERAL
05 octobre 1998 ;98/0685/CESS;ODEON - Convention de partenariat Ville de Marseille/Association ZINO FRANCESCATTI.;OPERA;DIRECTION GENERALE DES AFFAIRES CULTURELLES
05 octobre 1998 ;98/0684/CESS;Convention de partenariat avec la Direction Régionale des Affaires Culturelles dans le cadre de l'opération Pass'Arts.;OPERA;DIRECTION GENERALE DES AFFAIRES CULTURELLES
05 octobre 1998 ;98/0683/CESS;Partenariat avec l'association 'Marseille fête l'opérette' pour le théâtre de l'Odéon.;OPERA;DIRECTION GENERALE DES AFFAIRES CULTURELLES
05 octobre 1998 ;98/0682/EUGE;Emplois Jeunes - Conventions à passer avec divers organismes et associations.;MISSION MARSEILLE EMPLOI;SECRETARIAT GENERAL
20 juillet 1998 ;98/0678/CESS;Marchés à bons de commande pour le transport des enfants participant à l'enseignement de la natation à l'école primaire, dans les piscines municipales ou celles louées par la Ville de Marseille - Lancement d'un appel d'offres ouvert.;DIRECTION DES SPORTS;DIRECTION GENERALE DES SERVICES TECHNIQUES
20 juillet 1998 ;98/0677/CESS;Abords du Stade - Relogement des tennis municipaux - Bd Michelet - 13008 Marseille - Avenant n° 1 au marché n° 97/506 passé avec le groupement conjoint GREGORI SUD EST S.A., SCREG SUD EST, SOGEV S.A., et SPIE TRINDEL.;DIRECTION DES SPORTS;DIRECTION GENERALE DES SERVICES TECHNIQUES
20 juillet 1998 ;98/0676/CESS;Convention d'occupation temporaire des Tennis Michelet.;DIRECTION DES SPORTS;DIRECTION GENERALE DES SERVICES TECHNIQUES
20 juillet 1998 ;98/0675/CESS;Réhabilitation de la salle VALLIER - Lancement d'un avis d'appel public à la concurrence, en vue de la passation d'un marché de maîtrise d'oeuvre - Approbation de l'autorisation de programme pour les études.;DIRECTION DES SPORTS;DIRECTION GENERALE DES SERVICES TECHNIQUES
20 juillet 1998 ;98/0674/CESS;Aide financière au fonctionnement des associations oeuvrant dans le domaine de l'Education et de l'Enfance.;DIRECTION DE L'EDUCATION;DIRECTION GENERALE DE L'EDUCATION ET DE LA PETITE ENFANCE
20 juillet 1998 ;98/0666/CESS;Déplacement du Stade de l'Académie - Aménagement d'une plaine sportive sur le terrain LERDA PAROLA traverse Le Mée 13008 MARSEILLE - Modification de la procédure de sélection du maître d'oeuvre.;DIRECTION DES ETUDES ET DES GRANDS PROJETS;DIRECTION GENERALE DE L'ARCHITECTURE ET DES BATIMENTS COMMUNAUX
20 juillet 1998 ;98/0665/CESS;Aménagement d'un complexe sportif terrain de la Jouvène - La Valentine - 13011 Marseille - Modification de la procédure de sélection du maître d'oeuvre.;DIRECTION DES ETUDES ET DES GRANDS PROJETS;DIRECTION GENERALE DE L'ARCHITECTURE ET DES BATIMENTS COMMUNAUX
20 juillet 1998 ;98/0662/CESS;Construction d'une école maternelle - Terrain de la Jouvène - La Valentine -13011 Marseille - Modification de la procédure de sélection du maître d'oeuvre.;DIRECTION DES ETUDES ET DES GRANDS PROJETS;DIRECTION GENERALE DE L'ARCHITECTURE ET DES BATIMENTS COMMUNAUX
20 juillet 1998 ;98/0660/CESS;Archives/Friches Belle de Mai - Etude de conservation préventive.;ARCHIVES MUNICIPALES;DIRECTION GENERALE DES AFFAIRES CULTURELLES
20 juillet 1998 ;98/0659/CESS;PREVENTION DE LA DELINQUANCE - Subvention attribuée à l'Association SPORTING CLUB D'AIR BEL pour l'action 'ECHANGES FRANCO-ALLEMANDS' et l'Association CENTRE DE LOISIRS JEUNES de la Police Nationale pour l'action 'ALLONS EN FRANCE'.;DIRECTION DE LA POLITIQUE DE LA VILLE;SECRETARIAT GENERAL
20 juillet 1998 ;98/0658/CESS;CONTRAT DE VILLE - Programme 1998 de Développement Social Urbain - Equipement - 2ème série d'opérations - Sites DSU hors GPU.;DIRECTION DE LA POLITIQUE DE LA VILLE;SECRETARIAT GENERAL
20 juillet 1998 ;98/0657/CESS;Contrat de Ville - Programme 1998 - Développement Social Urbain - Equipement - 2ème série d'opérations - Sites DSU situés sur le GPU.;DIRECTION DE LA POLITIQUE DE LA VILLE;SECRETARIAT GENERAL
20 juillet 1998 ;98/0656/CESS;Réhabilitation complète du Gymnase de la Cité d'Air Bel et de la conciergerie 13011 MARSEILLE - Approbation de l'augmentation de l'autorisation de programme - Approbation du dossier d'avant-projet sommaire - Lancement d'un appel d'offres ouvert -  Financement.;DIRECTION DES ETUDES ET DES GRANDS PROJETS;DIRECTION GENERALE DE L'ARCHITECTURE ET DES BATIMENTS COMMUNAUX
20 juillet 1998 ;98/0654/EHCV;Acquisition de matériel 'Economie d'Energie' - Approbation de l'autorisation de programme et des crédits de paiement.;DIRECTION DE L'ECLAIRAGE PUBLIC;DIRECTION GENERALE DES SERVICES TECHNIQUES
20 juillet 1998 ;98/0653/EHCV;Acquisition de matériel 'Animation Lumière' - Approbation de l'autorisation de programme et des crédits de paiement.;DIRECTION DE L'ECLAIRAGE PUBLIC;DIRECTION GENERALE DES SERVICES TECHNIQUES
20 juillet 1998 ;98/0650/FAG ;Conventions - Cadre définissant les conditions générales d'occupation du domaine public non routier de la Ville pour les réseaux autorisés par référence à l'article L 33-1 du Code des Postes et Télécommunications.;NOUVELLES TECHNOLOGIES DE COMMUNICATION - DIRECTION DE L'INFORMATIQUE;DIRECTION GENERALE DE LA LOGISTIQUE
20 juillet 1998 ;98/0649/FAG ;Tarifs d'occupation du domaine public par des réseaux indépendants de télécommunication, par des fourreaux ou conduits, ou par un service de connectivité optique.;NOUVELLES TECHNOLOGIES DE COMMUNICATION - DIRECTION DES TELECOMMUNICATIONS;DIRECTION GENERALE DE LA LOGISTIQUE
20 juillet 1998 ;98/0648/FAG ;Adoption des modifications d'autorisations de programme.;PROGRAMMATION DES INVESTISSEMENTS;DIRECTION GENERALE DES SERVICES FINANCIERS
20 juillet 1998 ;98/0645/FAG ;Effectifs.;BATAILLON DE MARINS POMPIERS;SECRETARIAT GENERAL
20 juillet 1998 ;98/0643/FAG ;Fourniture d'effets vestimentaires et d'équipements de protection individuelle nécessaires au personnel municipal - Lancement d'un appel d'offres ouvert.;DIRECTION DES ACHATS;DIRECTION GENERALE DE LA LOGISTIQUE
20 juillet 1998 ;98/0642/FAG ;Vente de matériel aux enchères publiques.;DIRECTION DES TRANSPORTS / ATELIERS / MAGASINS;DIRECTION GENERALE DE LA LOGISTIQUE
20 juillet 1998 ;98/0641/FAG ;Désignation de cinq conseillers municipaux de la Ville de Marseille  au sein Association Marseillaise pour la Garantie d'Accès au Logement (AMGAR).;DIRECTION DE L'HABITAT ET DU LOGEMENT;DIRECTION GENERALE DE L'URBANISME ET DE L'HABITAT
20 juillet 1998 ;98/0637/CESS;Subventions aux organismes sportifs - B.P. 1998 - 6ème répartition 1998. ;DIRECTION DES SPORTS;DIRECTION GENERALE DES SERVICES TECHNIQUES
20 juillet 1998 ;98/0634/CESS;Mission Sida-Toxicomanie - Subventions aux Associations de Lutte contre le Sida et la Toxicomanie - Budget Primitif 1998 - 2ème répartition.;DIRECTION DE LA POLITIQUE DE LA VILLE;SECRETARIAT GENERAL
20 juillet 1998 ;98/0633/CESS;Transport d'enfants participant aux activités d'Aménagement des Rythmes Scolaires organisées par la Direction de la Jeunesse - Marché à bons de commande - Appel d'offres ouvert.;DIRECTION DE LA JEUNESSE;DIRECTION GENERALE DES AFFAIRES SOCIALES ET DE LA SOLIDARITE URBAINE
20 juillet 1998 ;98/0628/FAG ;DIRECTION GENERALE DE LA LOGISTIQUE - Approbation du Contrat Européen CITIES portant sur la mise en place, l'expérimentation et la validation d'une plate-forme d'intégration des Téléservices.;MISSION DES PROGRAMMES PRIVES ET EUROPEENS;SECRETARIAT GENERAL
20 juillet 1998 ;98/0627/FAG ;Appel d'offres ouvert pour l'acquisition de véhicules divers nécessaires au fonctionnement des services municipaux.;DIRECTION DES TRANSPORTS / ATELIERS / MAGASINS;DIRECTION GENERALE DE LA LOGISTIQUE
20 juillet 1998 ;98/0626/FAG ;Acquisition de mobilier pour les bibliothèques municipales - Approbation d'autorisation de programme.;DIRECTION DES ACHATS;DIRECTION GENERALE DE LA LOGISTIQUE
20 juillet 1998 ;98/0625/FAG ;Modification de la composition des Commissions Permanentes du Conseil Municipal.;DIRECTION DES ASSEMBLEES;SECRETARIAT GENERAL
20 juillet 1998 ;98/0613/CESS;Création d'une pelouse synthétique au stade Henri TASSO, Place du Quatre Septembre - Quartier le Pharo - 13007 Marseille.;DIRECTION DES SPORTS;DIRECTION GENERALE DES SERVICES TECHNIQUES
20 juillet 1998 ;98/0608/CESS;Aide financière au fonctionnement  de l'Association' Maison d'Enfants Charles et Gabrielle SERVEL'.;DIRECTION DE LA PETITE ENFANCE;DIRECTION GENERALE DE L'EDUCATION ET DE LA PETITE ENFANCE
20 juillet 1998 ;98/0607/CESS;Aide financière au fonctionnement d'associations oeuvrant dans le domaine de la petite enfance (HALTE GARDERIE DE LA SOLIDARITE).;DIRECTION DE LA PETITE ENFANCE;DIRECTION GENERALE DE L'EDUCATION ET DE LA PETITE ENFANCE
20 juillet 1998 ;98/0606/CESS;Aide financière au fonctionnement d'associations oeuvrant dans le domaine de la petite enfance - Application du contrat enfance n° 95/237 du 9 juin 1995.;DIRECTION DE LA PETITE ENFANCE;DIRECTION GENERALE DE L'EDUCATION ET DE LA PETITE ENFANCE
20 juillet 1998 ;98/0605/CESS;Aide financière au fonctionnement d'associations oeuvrant dans le domaine de la Petite Enfance - Application du contrat enfance n° 95/237 du 9 juin 1995.;DIRECTION DE LA PETITE ENFANCE;DIRECTION GENERALE DE L'EDUCATION ET DE LA PETITE ENFANCE
20 juillet 1998 ;98/0604/CESS;Barèmes des participations familiales dans les crèches et les haltes municipales.;DIRECTION DE LA PETITE ENFANCE;DIRECTION GENERALE DE L'EDUCATION ET DE LA PETITE ENFANCE
20 juillet 1998 ;98/0599/CESS;Fourniture d'ouvrages multi supports pour les Bibliothèques Municipales - Marchés à bons  de commande - Lancement d'un appel d'offres ouvert  (article 295 à 298 du Code des Marchés Publics).;DIRECTION DES BIBLIOTHEQUES;DIRECTION GENERALE DES AFFAIRES CULTURELLES
20 juillet 1998 ;98/0598/CESS;Fixation du montant des cachets de figuration pour la saison 1998/1999.;OPERA;DIRECTION GENERALE DES AFFAIRES CULTURELLES
20 juillet 1998 ;98/0597/CESS;Convention de partenariat avec l'Orchestre Français des Jeunes.;OPERA;DIRECTION GENERALE DES AFFAIRES CULTURELLES
20 juillet 1998 ;98/0592/EHCV;Programme Local de l'Habitat - Adoption du programme d'actions.;DIRECTION DE L'HABITAT ET DU LOGEMENT;DIRECTION GENERALE DE L'URBANISME ET DE L'HABITAT
20 juillet 1998 ;98/0589/FAG ;Ratification de dépenses pour frais d'instruction de dossiers et indemnités payées à titre de réparation de dommages causés aux tiers du fait de l'activité des Services Municipaux du 1er juillet au 31 décembre 1997.;DIRECTION DES ASSURANCES;DIRECTION GENERALE DES AFFAIRES JURIDIQUES
20 juillet 1998 ;98/0588/FAG ;Suppression de la mention 'hors taxes' sur la tarification de certaines prestations de police municipale au profit de tiers.;DIRECTION DE LA POLICE ADMINISTRATIVE;DIRECTION GENERALE DE LA PREVENTION ET DE LA PROTECTION
20 juillet 1998 ;98/0585/FAG ;DIVISION DES CIMETIERES COMMUNAUX - Révision des tarifs des concessions autres que celles d'une durée perpétuelle.;DIRECTION DES OPERATIONS FUNERAIRES;DIRECTION GENERALE DES SERVICES A LA POPULATION
20 juillet 1998 ;98/0584/FAG ;Modification et aménagements apportés à la tarification des prestations et fournitures de la Régie Municipale des Pompes Funébres.;DIRECTION DES OPERATIONS FUNERAIRES;DIRECTION GENERALE DES SERVICES A LA POPULATION
20 juillet 1998 ;98/0583/FAG ;Contrat Commercial avec la Poste.;DIRECTION DE L'ETAT-CIVIL CENTRAL ET DU COURRIER CENTRAL;DIRECTION GENERALE DES SERVICES A LA POPULATION
20 juillet 1998 ;98/0578/EUGE;Emplois Jeunes - Conventions à passer avec divers organismes et associations.     ;MISSION MARSEILLE EMPLOI;SECRETARIAT GENERAL
20 juillet 1998 ;98/0574/CESS;Donation César.;DIRECTION DES MUSEES;DIRECTION GENERALE DES AFFAIRES CULTURELLES
20 juillet 1998 ;98/0573/CESS; DIRECTION GENERALE DES AFFAIRES CULTURELLES - DIRECTION DES BIBLIOTHEQUES - Réalisation de la Bibliothèque Municipale à Vocation Régionale (BMVR) sur le site de l'Alcazar - 13001 Marseille - Marché de maîtrise d'oeuvre n° 97/11 - Avant- Projet Sommaire n° 97/902 - Etude de Définition Informatique 97/902 - Approbation de l'étude d'informatisation de la Bibliothèque Municipale à Vocation Régionale et du réseau local des bibliothèques de la Ville de Marseille - Lancement d'un appel d'offres ouvert.;NOUVELLES TECHNOLOGIES DE COMMUNICATION - DIRECTION DE L'INFORMATIQUE;DIRECTION GENERALE DE LA LOGISTIQUE
20 juillet 1998 ;98/0572/CESS;Programme de Développement Social Urbain - Subvention à l'Association INITIAL.;DIRECTION DE LA POLITIQUE DE LA VILLE;SECRETARIAT GENERAL
20 juillet 1998 ;98/0571/CESS;Constitution d'un G.I.P. pour la gestion de la Politique de la Ville - Approbation de la convention statutaire entre l'Etat et la Ville.;DIRECTION DE LA POLITIQUE DE LA VILLE;SECRETARIAT GENERAL
20 juillet 1998 ;98/0570/CESS;Désaffectation de la salle de restauration de l'Ecole de la Deuxième Chance - 82, avenue  de la Croix-Rouge 13013 MARSEILLE.;DIRECTION DE L'EDUCATION;DIRECTION GENERALE DE L'EDUCATION ET DE LA PETITE ENFANCE
20 juillet 1998 ;98/0569/CESS;DIRECTION GENERALE DES AFFAIRES CULTURELLES - DIRECTION DES BIBLIOTHEQUES - PROJET CENTRE-VILLE - Réalisation de la Bibliothèque Municipale à Vocation Régionale (B.M.V.R.) sur le site de l'Alcazar - 13001 MARSEILLE - Demandes de subventions pour les fouilles archéologiques sur le site.;DIRECTION DES ETUDES ET DES GRANDS PROJETS;DIRECTION GENERALE DE L'ARCHITECTURE ET DES BATIMENTS COMMUNAUX
20 juillet 1998 ;98/0568/CESS;Réalisation de l'Ecole de la Deuxième Chance - 326 Chemin de la Madrague Ville - 13015 Marseille - Approbation de l'avant-projet sommaire concernant la réhabilitation des bâtiments existants - Lancement des consultations nécessaires à la réalisation -Approbation de la diminution de l'autorisation de programme pour les études préalables - Approbation de l'autorisation de programme pour les travaux - Financement.;DIRECTION DES ETUDES ET DES GRANDS PROJETS;DIRECTION GENERALE DE L'ARCHITECTURE ET DES BATIMENTS COMMUNAUX
29 juin 1998 ;98/0556/FAG ;Adoption des modifications d'autorisations de programme.;PROGRAMMATION DES INVESTISSEMENTS;DIRECTION GENERALE DES SERVICES FINANCIERS
29 juin 1998 ;98/0555/FAG ;REGIE MUNICIPALE DES POMPES FUNEBRES - Règlement Intérieur de la Régie.;DIRECTION DES OPERATIONS FUNERAIRES;DIRECTION GENERALE DES SERVICES A LA POPULATION
29 juin 1998 ;98/0553/FAG ;Modification de la composition des commissions permanentes du Conseil Municipal.;DIRECTION DES ASSEMBLEES;SECRETARIAT GENERAL
29 juin 1998 ;98/0548/FAG ;Magasin VIRGIN MEGASTORE, sis, 75, rue Saint Ferréol - 13006 Marseille  - Demande de dérogation à l'obligation du repos dominical dans le cadre de l'Article L.221 - 8 - 1 du Code du Travail.;DIRECTION DE LA POLICE ADMINISTRATIVE;DIRECTION GENERALE DE LA PREVENTION ET DE LA PROTECTION
29 juin 1998 ;98/0547/FAG ;ATELIER DU PATRIMOINE - PROJET CENTRE VILLE  - Cahier de recommandations pour l'aménagement des kiosques sur le domaine public.;DIRECTION DES EMPLACEMENTS;DIRECTION GENERALE DES SERVICES A LA POPULATION
29 juin 1998 ;98/0546/FAG ;Foire 'Artisans Ciel Ouvert' - Exonération des droits de place.;DIRECTION DES EMPLACEMENTS;DIRECTION GENERALE DES SERVICES A LA POPULATION
29 juin 1998 ;98/0545/FAG ;Convention entre la Ville de Marseille et la Clinique du CAMAS, CROIX ROUGE FRANCAISE, en vue de l'incinération de pièces anatomiques.;DIRECTION DES OPERATIONS FUNERAIRES;DIRECTION GENERALE DES SERVICES A LA POPULATION
29 juin 1998 ;98/0544/FAG ;Convention entre la Ville de Marseille et la Clinique JUGE en vue de l'incinération de pièces anatomiques.;DIRECTION DES OPERATIONS FUNERAIRES;DIRECTION GENERALE DES SERVICES A LA POPULATION
29 juin 1998 ;98/0543/FAG ;DIRECTION GENERALE DES AFFAIRES CULTURELLES Aménagement du site de l'Hôtel-de-Ville - Réalisation de la salle des délibérations, de ses annexes et d'un espace muséal, place Villeneuve/Bargemon - Réalisation de locaux techniques sous  la place Jules Verne - Aménagement  des places Bargemon, Mazeau, Brave-Magot et Jules Verne - Approbation du règlement modifié du concours de maîtrise d'oeuvre.;DIRECTION DES ETUDES ET DES GRANDS PROJETS;DIRECTION GENERALE DE L'ARCHITECTURE ET DES BATIMENTS COMMUNAUX
29 juin 1998 ;98/0541/FAG ;Désignation d'un représentant de la Ville de Marseille au conseil d'établissement du collège Anatole France.;DIRECTION DES ASSEMBLEES;SECRETARIAT GENERAL
29 juin 1998 ;98/0540/FAG ;Appel d'offres ouvert pour la fourniture de pièces détachées pour véhicules automobiles de marque Renault, composé d'un lot faisant l'objet d'un marché d'une durée d'un an, renouvelable par tacite reconduction pour une nouvelle période d'un an.;DIRECTION DES TRANSPORTS / ATELIERS / MAGASINS;DIRECTION GENERALE DE LA LOGISTIQUE
29 juin 1998 ;98/0539/FAG ;Inscription suivant nomenclature M14 de deux subventions - Régularisation de forme.;ATELIER DU PATRIMOINE;SECRETARIAT GENERAL
29 juin 1998 ;98/0537/EUGE;MISSION DEVELOPPEMENT SOCIAL  URBAIN - Programme d'Initiative Communautaire 'URBAN' - Rapport d'étape.;MISSION DES PROGRAMMES PRIVES ET EUROPEENS;SECRETARIAT GENERAL
29 juin 1998 ;98/0527/EUGE;MISSION DES PROGRAMMES PRIVES ET EUROPEENS - Implantation d'une antenne du Laboratoire de Conception de Produits Nouveaux dans le périmètre d'Euroméditerranée.;MISSION MARSEILLE EMPLOI;SECRETARIAT GENERAL
29 juin 1998 ;98/0526/EUGE;Projet Temps Partagé Choisi - Participation financière de la Ville pour 1998.;MISSION MARSEILLE EMPLOI;SECRETARIAT GENERAL
29 juin 1998 ;98/0525/EUGE;Cellule micro-entreprises - Cotisation de la Ville de Marseille au Centre de Promotion de l'Emploi par la Micro-Entreprise.;MISSION MARSEILLE EMPLOI;SECRETARIAT GENERAL
29 juin 1998 ;98/0524/EUGE;Attribution d'une subvention à l'Association 'Jeune Chambre Economique de Marseille' pour l'opération 'TANDEM POUR L'EMPLOI'.;MISSION MARSEILLE EMPLOI;SECRETARIAT GENERAL
29 juin 1998 ;98/0523/EUGE;Attribution d'une subvention à l'Association ACCES CONSEIL.;MISSION MARSEILLE EMPLOI;SECRETARIAT GENERAL
29 juin 1998 ;98/0522/EUGE;Subvention à l'Association pour Faciliter l'Insertion des Jeunes Diplômés (A.F.I.J.).;MISSION MARSEILLE EMPLOI;SECRETARIAT GENERAL
29 juin 1998 ;98/0521/EUGE;Attribution d'une subvention à l'Association Marseille Emploi Services.;MISSION MARSEILLE EMPLOI;SECRETARIAT GENERAL
29 juin 1998 ;98/0520/EUGE;Subvention à l'Association AVARAP 13 (Association pour la Valorisation des Relations avec les Professionnels).;MISSION MARSEILLE EMPLOI;SECRETARIAT GENERAL
29 juin 1998 ;98/0519/EUGE;Attribution d'une subvention de fonctionnement au Centre d'Action Economique (C.A.E.).;MISSION MARSEILLE EMPLOI;SECRETARIAT GENERAL
29 juin 1998 ;98/0518/EUGE;Emplois Jeunes - Conventions à passer avec divers organismes et associations.;MISSION MARSEILLE EMPLOI;SECRETARIAT GENERAL
29 juin 1998 ;98/0500/CESS;Construction du gymnase scolaire de Bonneveine - Avenant n° 1 du marché n° 98/122 passé avec la Société La Méridienne - Modification du titulaire suite à la cession du fonds de la branche d'activités Bâtiments et Travaux Publics  commerce à la nouvelle Société La Méridienne de Construction.;DIRECTION DES ETUDES ET DES GRANDS PROJETS;DIRECTION GENERALE DE L'ARCHITECTURE ET DES BATIMENTS COMMUNAUX
29 juin 1998 ;98/0499/CESS;Reconstruction de l'ensemble sportif COSEC RUFFI - Approbation du programme - Approbation de l'enveloppe financière - Approbation de la convention de mandat EPAEM/Ville de Marseille.;DIRECTION DES SPORTS;DIRECTION GENERALE DES SERVICES TECHNIQUES
29 juin 1998 ;98/0498/CESS;Réaménagement des locaux de l'ex-CIDJ en Maison de la Boxe - 4, rue de la Visitation - Quartier La Blancarde 13004 MARSEILLE.;DIRECTION DES SPORTS;DIRECTION GENERALE DES SERVICES TECHNIQUES
29 juin 1998 ;98/0496/CESS;Théatre de l'Odéon - Barème des places de l'Odéon pour la saison 1998/1999.;OPERA;DIRECTION GENERALE DES AFFAIRES CULTURELLES
29 juin 1998 ;98/0495/CESS;Mise à disposition des stades Saint Barthélémy-Philibert et Grande Bastide Cazaulx appartenant à la Société HLM Méditerranée.;DIRECTION DES SPORTS;DIRECTION GENERALE DES SERVICES TECHNIQUES
29 juin 1998 ;98/0494/CESS;Subventions aux organismes sportifs - B.P. 98 - 5ème répartition 1998.;DIRECTION DES SPORTS;DIRECTION GENERALE DES SERVICES TECHNIQUES
29 juin 1998 ;98/0493/CESS;DIRECTION GENERALE DES AFFAIRES CULTURELLES - Projet Centre Ville - Réalisation de la Bibliothèque Municipale à Vocation Régionale (BMVR) sur le site de l'Alcazar 13001 MARSEILLE - Mission de coordination générale du projet - Lancement de la procédure d'appel d'offres restreint.;DIRECTION DES ETUDES ET DES GRANDS PROJETS;DIRECTION GENERALE DE L'ARCHITECTURE ET DES BATIMENTS COMMUNAUX
29 juin 1998 ;98/0491/CESS;Convention avec le Conseil Régional pour l'utilisation des équipements sportifs municipaux - Passation de l'avenant n° 2.;DIRECTION DES SPORTS;DIRECTION GENERALE DES SERVICES TECHNIQUES
29 juin 1998 ;98/0487/CESS;MISSION SIDA TOXICOMANIE - Subventions aux associations de lutte contre le Sida et la Toxicomanie - Budget Primitif 1998 - 1ère répartition.;DIRECTION DE LA POLITIQUE DE LA VILLE;SECRETARIAT GENERAL
29 juin 1998 ;98/0486/CESS;Désaffectation de l'ancienne annexe de l'école élémentaire Sainte Marthe - 39, bd. Basile Barrelier 13014 MARSEILLE.;DIRECTION DE L'EDUCATION;DIRECTION GENERALE DE L'EDUCATION ET DE LA PETITE ENFANCE
29 juin 1998 ;98/0483/CESS;Contrat de coréalisation Ville de Marseille-Opéra/Compagnie Ballet PRELJOCAJ.;OPERA;DIRECTION GENERALE DES AFFAIRES CULTURELLES
29 juin 1998 ;98/0482/CESS;Convention de partenariat Ville de Marseille-Opéra/Association du Festival de Marseille.;OPERA;DIRECTION GENERALE DES AFFAIRES CULTURELLES
29 juin 1998 ;98/0479/CESS;Contrat de Ville - Subvention d'équipement - Relocalisation de l'Association des Jeunes de la Cabucelle au 29, bd. Denis Papin 13015 MARSEILLE.;DIRECTION DE LA POLITIQUE DE LA VILLE;SECRETARIAT GENERAL
29 juin 1998 ;98/0477/CESS;Contrat de Ville - Programme 1998 - Développement Social Urbain - Equipement - 1ère série d'opérations - Sites DSU situés sur le GPU.;DIRECTION DE LA POLITIQUE DE LA VILLE;SECRETARIAT GENERAL
29 juin 1998 ;98/0476/CESS;Contrat de Ville - Programme 1998 de Développement Social Urbain - Equipement - 1ère série d'opérations, sites DSU hors GPU.;DIRECTION DE LA POLITIQUE DE LA VILLE;SECRETARIAT GENERAL
29 juin 1998 ;98/0475/CESS;Réalisation de l'école de la 2ème Chance 326, chemin de la Madrague Ville - 13015 MARSEILLE - Déclaration sans suite de la procédure du concours de maîtrise d'oeuvre - Approbation du principe d'un projet de réhabilitation des bâtiments existants en maîtrise d'oeuvre publique.;DIRECTION DES ETUDES ET DES GRANDS PROJETS;DIRECTION GENERALE DE L'ARCHITECTURE ET DES BATIMENTS COMMUNAUX
29 juin 1998 ;98/0472/FAG ;Marché négocié pour la location et la maintenance d'un ensemble intégré de production de documents passé en fonction des dispositions de l'article 104 - II, 1er alinéa du Code des Marchés Publics.;CETER;DIRECTION GENERALE DE LA COMMUNICATION ET DES RELATIONS EXTERIEURES
29 juin 1998 ;98/0456/CESS;Aide financière au fonctionnement d'associations oeuvrant dans le cadre de la Petite Enfance - 'Association Marseille-Enfance'.;DIRECTION DE LA PETITE ENFANCE;DIRECTION GENERALE DE L'EDUCATION ET DE LA PETITE ENFANCE
25 mai 1998 ;98/0455/CESS;Subvention à l'Association ' OBJECTIF MARSEILLE 13 CHEMINOTS ROUVIERE' - 4ème répartition 1998.;DIRECTION DES SPORTS;DIRECTION GENERALE DES SERVICES TECHNIQUES
25 mai 1998 ;98/0454/CESS;Subventions aux organismes sportifs - 3ème répartition 1998 - Approbation de partenariat.;DIRECTION DES SPORTS;DIRECTION GENERALE DES SERVICES TECHNIQUES
25 mai 1998 ;98/0453/CESS;Centre de documentation ERNST GOLDSCHMIDT - Donation de l'association 'LES AMIS DE L'INSTITUT DES HAUTES ETUDES EN ARTS PLASTIQUES'.;DIRECTION DES MUSEES;DIRECTION GENERALE DES AFFAIRES CULTURELLES
25 mai 1998 ;98/0448/CESS;Subvention aux Associations d'Aide à la Famille - Répartition 1998 - Budget 1998.;DIRECTION DE L'ACTION FAMILIALE ET DES DROITS DES FEMMES;DIRECTION GENERALE DES AFFAIRES SOCIALES ET DE LA SOLIDARITE URBAINE
25 mai 1998 ;98/0446/CESS;Location par le Théâtre du Capitole de Toulouse de la production 'La Grande Duchesse de Gérolstein' de Jacques OFFENBACH coproduite par la Régie de l'Opéra de Marseille et l'Esplanade St-Etienne Opéra.;OPERA;DIRECTION GENERALE DES AFFAIRES CULTURELLES
25 mai 1998 ;98/0445/CESS;Convention de partenariat Ville de Marseille Opéra/ Association du Concours International d'Opéra.;OPERA;DIRECTION GENERALE DES AFFAIRES CULTURELLES
25 mai 1998 ;98/0444/CESS;Prix des places saison 1998/1999.;OPERA;DIRECTION GENERALE DES AFFAIRES CULTURELLES
25 mai 1998 ;98/0442/CESS;Subventions aux organismes et équipements sociaux de la Ville de Marseille - Objectif Jeunes - Exercice 1998 - Participation au plan de financement des Centres de Loisirs.;DIRECTION DE LA JEUNESSE;DIRECTION GENERALE DES AFFAIRES SOCIALES ET DE LA SOLIDARITE URBAINE
25 mai 1998 ;98/0441/CESS;PLAN MARSEILLE EMPLOI - Prévention de la Délinquance - Subvention à l'Association Union Française des Oeuvres Laïques d'Education Physique UFOLEP.;DIRECTION DE LA POLITIQUE DE LA VILLE;SECRETARIAT GENERAL
25 mai 1998 ;98/0440/CESS;Prévention de la Délinquance - Fonctionnement - 2ème série d'actions.;DIRECTION DE LA POLITIQUE DE LA VILLE;SECRETARIAT GENERAL
25 mai 1998 ;98/0439/CESS;PROGRAMME DE DEVELOPPEMENT SOCIAL URBAIN - Médecins du Monde - Aménagement et équipement des nouveaux locaux de la Mission France - 4, rue Rostand 13003 MARSEILLE - Modification partielle des travaux.;DIRECTION DE LA POLITIQUE DE LA VILLE;SECRETARIAT GENERAL
25 mai 1998 ;98/0438/CESS;Programme de  Développement Social Urbain 1998 - Fonctionnement - 3ème série d'actions.;DIRECTION DE LA POLITIQUE DE LA VILLE;SECRETARIAT GENERAL
25 mai 1998 ;98/0437/CESS;Relogement de Mme DESOLE, institutrice.;DIRECTION DE L'EDUCATION;DIRECTION GENERALE DE L'EDUCATION ET DE LA PETITE ENFANCE
25 mai 1998 ;98/0431/EHCV;Fourniture de lampes et tubes pour les besoins de la Direction de l'Eclairage.;DIRECTION DE L'ECLAIRAGE PUBLIC;DIRECTION GENERALE DES SERVICES TECHNIQUES
25 mai 1998 ;98/0430/EHCV;Programme Développement Social Urbain - Grand Projet Urbain - Association 'Envie Marseille' - Equipement de l'Atelier de la Bricarde.;DIRECTION DE LA POLITIQUE DE LA VILLE;SECRETARIAT GENERAL
25 mai 1998 ;98/0420/FAG ;Contrat d'occupation du domaine public après consultation ouverte en vue de l'installation, l'exploitation et l'entretien de la présignalisation commerciale sur le domaine public communal - Création d'un jury.;DIRECTION DES EMPLACEMENTS;DIRECTION GENERALE DES SERVICES A LA POPULATION
25 mai 1998 ;98/0419/FAG ;Délégation de la gestion du carré 22 du cimetière des Vaudrans - Approbation de la délégation par la voie de l'affermage - Désignation.;DIRECTION DES OPERATIONS FUNERAIRES;DIRECTION GENERALE DES SERVICES A LA POPULATION
25 mai 1998 ;98/0414/FAG ;DIRECTION GENERALE DU DEVELOPPEMENT ECONOMIQUE - Demande d'Autorisation de Programme - Etudes de faisabilité de l'établissement et de l'exploitation d'un réseau d'infrastructures passives de télécommunications, partageables entre les institutions universitaires, de recherche et hospitalières.;NOUVELLES TECHNOLOGIES DE COMMUNICATION - DIRECTION DES TELECOMMUNICATIONS;DIRECTION GENERALE DE LA LOGISTIQUE
25 mai 1998 ;98/0413/FAG ;Fourniture de véhicules légers hors route - Lancement d'un appel d'offres ouvert - Approbation du dossier de consultation des entreprises.;BATAILLON DE MARINS POMPIERS;SECRETARIAT GENERAL
25 mai 1998 ;98/0412/FAG ;Défense contre l'incendie et les périls de toute nature des bassins Est du Port Autonome de Marseille.;BATAILLON DE MARINS POMPIERS;SECRETARIAT GENERAL
25 mai 1998 ;98/0411/FAG ; Cession des marchés n° 98/061 Lot B et n° 98/062 Lot C conclus avec la Société BOSCH TELECOM et relatifs à la fourniture de matériel et main d'oeuvre nécessaire aux extensions et aux rénovations des installations téléphoniques de la Ville de Marseille.;NOUVELLES TECHNOLOGIES DE COMMUNICATION - DIRECTION DES TELECOMMUNICATIONS;DIRECTION GENERALE DE LA LOGISTIQUE
25 mai 1998 ;98/0410/FAG ;Cession du marché n° 98/117 conclu avec la Société BOSCH TELECOM et relatif à l'entretien de l'installation téléphonique de l'Hôtel-de-Ville et de ses annexes.;NOUVELLES TECHNOLOGIES DE COMMUNICATION - DIRECTION DES TELECOMMUNICATIONS;DIRECTION GENERALE DE LA LOGISTIQUE
25 mai 1998 ;98/0409/FAG ; Acquisition de fournitures consommables pour matériel informatique - Lancement d'un appel d'offres ouvert.;NOUVELLES TECHNOLOGIES DE COMMUNICATION - DIRECTION DE L'INFORMATIQUE;DIRECTION GENERALE DE LA LOGISTIQUE
25 mai 1998 ;98/0407/FAG ;Désignation de représentants du Conseil Municipal auprès du Groupement pour l'Insertion des Personnes Handicapées Physiques.;DIRECTION DES ASSEMBLEES;SECRETARIAT GENERAL
25 mai 1998 ;98/0396/FAG ;Don de mobilier usagé aux associations.;DIRECTION DES ACHATS;DIRECTION GENERALE DE LA LOGISTIQUE
25 mai 1998 ;98/0394/FAG ;Composition de la Commission d'Adjudication ou d'Appel d'Offres - Election des membres (article L.2121.21 et 22 du CGCT).;DIRECTION DES MARCHES PUBLICS;DIRECTION GENERALE DES AFFAIRES JURIDIQUES
